kind,name,name_zh_hans,image_url,source_page,source,translation_source
pokemon,Abra,凯西,https://pokopiadex.com/images/pokemon/sprites/abra.png,https://pokopiadex.com/pokedex,pokopiadex_pokedex,official_pokemon_zh_names
pokemon,Absol,阿勃梭鲁,https://pokopiadex.com/images/pokemon/sprites/absol.png,https://pokopiadex.com/pokedex,pokopiadex_pokedex,official_pokemon_zh_names
pokemon,Aerodactyl,化石翼龙,https://pokopiadex.com/images/pokemon/sprites/aerodactyl.png,https://pokopiadex.com/pokedex,pokopiadex_pokedex,official_pokemon_zh_names
pokemon,Alakazam,胡地,https://pokopiadex.com/images/pokemon/sprites/alakazam.png,https://pokopiadex.com/pokedex,pokopiadex_pokedex,official_pokemon_zh_names
pokemon,Altaria,七夕青鸟,https://pokopiadex.com/images/pokemon/sprites/altaria.png,https://pokopiadex.com/pokedex,pokopiadex_pokedex,official_pokemon_zh_names
pokemon,Amaura,冰雪龙,https://pokopiadex.com/images/pokemon/sprites/amaura.png,https://pokopiadex.com/pokedex,pokopiadex_pokedex,official_pokemon_zh_names
pokemon,Ampharos,电龙,https://pokopiadex.com/images/pokemon/sprites/ampharos.png,https://pokopiadex.com/pokedex,pokopiadex_pokedex,official_pokemon_zh_names
pokemon,Arbok,阿柏怪,https://pokopiadex.com/images/pokemon/sprites/arbok.png,https://pokopiadex.com/pokedex,pokopiadex_pokedex,official_pokemon_zh_names
pokemon,Arcanine,风速狗,https://pokopiadex.com/images/pokemon/sprites/arcanine.png,https://pokopiadex.com/pokedex,pokopiadex_pokedex,official_pokemon_zh_names
pokemon,Ariados,阿利多斯,https://pokopiadex.com/images/pokemon/sprites/ariados.png,https://pokopiadex.com/pokedex,pokopiadex_pokedex,official_pokemon_zh_names
pokemon,Armarouge,红莲铠骑,https://pokopiadex.com/images/pokemon/sprites/armarouge.png,https://pokopiadex.com/pokedex,pokopiadex_pokedex,official_pokemon_zh_names
pokemon,Articuno,急冻鸟,https://pokopiadex.com/images/pokemon/sprites/articuno.png,https://pokopiadex.com/pokedex,pokopiadex_pokedex,official_pokemon_zh_names
pokemon,Audino,差不多娃娃,https://pokopiadex.com/images/pokemon/sprites/audino.png,https://pokopiadex.com/pokedex,pokopiadex_pokedex,official_pokemon_zh_names
pokemon,Aurorus,冰雪巨龙,https://pokopiadex.com/images/pokemon/sprites/aurorus.png,https://pokopiadex.com/pokedex,pokopiadex_pokedex,official_pokemon_zh_names
pokemon,Axew,牙牙,https://pokopiadex.com/images/pokemon/sprites/axew.png,https://pokopiadex.com/pokedex,pokopiadex_pokedex,official_pokemon_zh_names
pokemon,Azumarill,玛力露丽,https://pokopiadex.com/images/pokemon/sprites/azumarill.png,https://pokopiadex.com/pokedex,pokopiadex_pokedex,official_pokemon_zh_names
pokemon,Azurill,露力丽,https://pokopiadex.com/images/pokemon/sprites/azurill.png,https://pokopiadex.com/pokedex,pokopiadex_pokedex,official_pokemon_zh_names
pokemon,Bastiodon,护城龙,https://pokopiadex.com/images/pokemon/sprites/bastiodon.png,https://pokopiadex.com/pokedex,pokopiadex_pokedex,official_pokemon_zh_names
pokemon,Beldum,铁哑铃,https://pokopiadex.com/images/pokemon/sprites/beldum.png,https://pokopiadex.com/pokedex,pokopiadex_pokedex,official_pokemon_zh_names
pokemon,Bellossom,美丽花,https://pokopiadex.com/images/pokemon/sprites/bellossom.png,https://pokopiadex.com/pokedex,pokopiadex_pokedex,official_pokemon_zh_names
pokemon,Bellsprout,喇叭芽,https://pokopiadex.com/images/pokemon/sprites/bellsprout.png,https://pokopiadex.com/pokedex,pokopiadex_pokedex,official_pokemon_zh_names
pokemon,Blastoise,水箭龟,https://pokopiadex.com/images/pokemon/sprites/blastoise.png,https://pokopiadex.com/pokedex,pokopiadex_pokedex,official_pokemon_zh_names
pokemon,Blaziken,火焰鸡,https://pokopiadex.com/images/pokemon/sprites/blaziken.png,https://pokopiadex.com/pokedex,pokopiadex_pokedex,official_pokemon_zh_names
pokemon,Blissey,幸福蛋,https://pokopiadex.com/images/pokemon/sprites/blissey.png,https://pokopiadex.com/pokedex,pokopiadex_pokedex,official_pokemon_zh_names
pokemon,Bonsly,盆才怪,https://pokopiadex.com/images/pokemon/sprites/bonsly.png,https://pokopiadex.com/pokedex,pokopiadex_pokedex,official_pokemon_zh_names
pokemon,Bulbasaur,妙蛙种子,https://pokopiadex.com/images/pokemon/sprites/bulbasaur.png,https://pokopiadex.com/pokedex,pokopiadex_pokedex,official_pokemon_zh_names
pokemon,Cacnea,刺球仙人掌,https://pokopiadex.com/images/pokemon/sprites/cacnea.png,https://pokopiadex.com/pokedex,pokopiadex_pokedex,official_pokemon_zh_names
pokemon,Cacturne,梦歌仙人掌,https://pokopiadex.com/images/pokemon/sprites/cacturne.png,https://pokopiadex.com/pokedex,pokopiadex_pokedex,official_pokemon_zh_names
pokemon,Carkol,大炭车,https://pokopiadex.com/images/pokemon/sprites/carkol.png,https://pokopiadex.com/pokedex,pokopiadex_pokedex,official_pokemon_zh_names
pokemon,Ceruledge,苍炎刃鬼,https://pokopiadex.com/images/pokemon/sprites/ceruledge.png,https://pokopiadex.com/pokedex,pokopiadex_pokedex,official_pokemon_zh_names
pokemon,Chandelure,水晶灯火灵,https://pokopiadex.com/images/pokemon/sprites/chandelure.png,https://pokopiadex.com/pokedex,pokopiadex_pokedex,official_pokemon_zh_names
pokemon,Chansey,吉利蛋,https://pokopiadex.com/images/pokemon/sprites/chansey.png,https://pokopiadex.com/pokedex,pokopiadex_pokedex,official_pokemon_zh_names
pokemon,Charcadet,炭小侍,https://pokopiadex.com/images/pokemon/sprites/charcadet.png,https://pokopiadex.com/pokedex,pokopiadex_pokedex,official_pokemon_zh_names
pokemon,Charizard,喷火龙,https://pokopiadex.com/images/pokemon/sprites/charizard.png,https://pokopiadex.com/pokedex,pokopiadex_pokedex,official_pokemon_zh_names
pokemon,Charjabug,虫电宝,https://pokopiadex.com/images/pokemon/sprites/charjabug.png,https://pokopiadex.com/pokedex,pokopiadex_pokedex,official_pokemon_zh_names
pokemon,Charmander,小火龙,https://pokopiadex.com/images/pokemon/sprites/charmander.png,https://pokopiadex.com/pokedex,pokopiadex_pokedex,official_pokemon_zh_names
pokemon,Charmeleon,火恐龙,https://pokopiadex.com/images/pokemon/sprites/charmeleon.png,https://pokopiadex.com/pokedex,pokopiadex_pokedex,official_pokemon_zh_names
pokemon,Chatot,聒噪鸟,https://pokopiadex.com/images/pokemon/sprites/chatot.png,https://pokopiadex.com/pokedex,pokopiadex_pokedex,official_pokemon_zh_names
pokemon,Chef Dente,藏饱栗鼠（厨师）,https://img.rankedboost.com/wp-content/plugins/pokopia/assets/npcs/chef-dente.png,https://rankedboost.com/pokopia/pokedex/,rankedboost_pokedex,official_pokopia_sc_pokemon
pokemon,Cinccino,奇诺栗鼠,https://pokopiadex.com/images/pokemon/sprites/cinccino.png,https://pokopiadex.com/pokedex,pokopiadex_pokedex,official_pokemon_zh_names
pokemon,Cinderace,闪焰王牌,https://pokopiadex.com/images/pokemon/sprites/cinderace.png,https://pokopiadex.com/pokedex,pokopiadex_pokedex,official_pokemon_zh_names
pokemon,Clefable,皮可西,https://pokopiadex.com/images/pokemon/sprites/clefable.png,https://pokopiadex.com/pokedex,pokopiadex_pokedex,official_pokemon_zh_names
pokemon,Clefairy,皮皮,https://pokopiadex.com/images/pokemon/sprites/clefairy.png,https://pokopiadex.com/pokedex,pokopiadex_pokedex,official_pokemon_zh_names
pokemon,Cleffa,皮宝宝,https://pokopiadex.com/images/pokemon/sprites/cleffa.png,https://pokopiadex.com/pokedex,pokopiadex_pokedex,official_pokemon_zh_names
pokemon,Clodsire,土王,https://pokopiadex.com/images/pokemon/sprites/clodsire.png,https://pokopiadex.com/pokedex,pokopiadex_pokedex,official_pokemon_zh_names
pokemon,Coalossal,巨炭山,https://pokopiadex.com/images/pokemon/sprites/coalossal.png,https://pokopiadex.com/pokedex,pokopiadex_pokedex,official_pokemon_zh_names
pokemon,Combee,三蜜蜂,https://pokopiadex.com/images/pokemon/sprites/combee.png,https://pokopiadex.com/pokedex,pokopiadex_pokedex,official_pokemon_zh_names
pokemon,Combusken,力壮鸡,https://pokopiadex.com/images/pokemon/sprites/combusken.png,https://pokopiadex.com/pokedex,pokopiadex_pokedex,official_pokemon_zh_names
pokemon,Conkeldurr,修建老匠,https://pokopiadex.com/images/pokemon/sprites/conkeldurr.png,https://pokopiadex.com/pokedex,pokopiadex_pokedex,official_pokemon_zh_names
pokemon,Corviknight,钢铠鸦,https://pokopiadex.com/images/pokemon/sprites/corviknight.png,https://pokopiadex.com/pokedex,pokopiadex_pokedex,official_pokemon_zh_names
pokemon,Corvisquire,蓝鸦,https://pokopiadex.com/images/pokemon/sprites/corvisquire.png,https://pokopiadex.com/pokedex,pokopiadex_pokedex,official_pokemon_zh_names
pokemon,Cramorant,古月鸟,https://pokopiadex.com/images/pokemon/sprites/cramorant.png,https://pokopiadex.com/pokedex,pokopiadex_pokedex,official_pokemon_zh_names
pokemon,Cranidos,头盖龙,https://pokopiadex.com/images/pokemon/sprites/cranidos.png,https://pokopiadex.com/pokedex,pokopiadex_pokedex,official_pokemon_zh_names
pokemon,Crobat,叉字蝠,https://pokopiadex.com/images/pokemon/sprites/crobat.png,https://pokopiadex.com/pokedex,pokopiadex_pokedex,official_pokemon_zh_names
pokemon,Cubone,卡拉卡拉,https://pokopiadex.com/images/pokemon/sprites/cubone.png,https://pokopiadex.com/pokedex,pokopiadex_pokedex,official_pokemon_zh_names
pokemon,Cyndaquil,火球鼠,https://pokopiadex.com/images/pokemon/sprites/cyndaquil.png,https://pokopiadex.com/pokedex,pokopiadex_pokedex,official_pokemon_zh_names
pokemon,DJ Rotom,洛托姆（立体音响洛托姆）,https://img.rankedboost.com/wp-content/plugins/pokopia/assets/npcs/dj-rotom.png,https://rankedboost.com/pokopia/pokedex/,rankedboost_pokedex,official_pokopia_sc_pokemon
pokemon,Dachsbun,麻花犬,https://pokopiadex.com/images/pokemon/sprites/dachsbun.png,https://pokopiadex.com/pokedex,pokopiadex_pokedex,official_pokemon_zh_names
pokemon,Dartrix,投羽枭,https://pokopiadex.com/images/pokemon/sprites/dartrix.png,https://pokopiadex.com/pokedex,pokopiadex_pokedex,official_pokemon_zh_names
pokemon,Decidueye,狙射树枭,https://pokopiadex.com/images/pokemon/sprites/decidueye.png,https://pokopiadex.com/pokedex,pokopiadex_pokedex,official_pokemon_zh_names
pokemon,Dedenne,咚咚鼠,https://pokopiadex.com/images/pokemon/sprites/dedenne.png,https://pokopiadex.com/pokedex,pokopiadex_pokedex,official_pokemon_zh_names
pokemon,Diglett,地鼠,https://pokopiadex.com/images/pokemon/sprites/diglett.png,https://pokopiadex.com/pokedex,pokopiadex_pokedex,official_pokemon_zh_names
pokemon,Ditto,百变怪,https://pokopiadex.com/images/pokemon/sprites/ditto.png,https://pokopiadex.com/pokedex,pokopiadex_pokedex,official_pokemon_zh_names
pokemon,Dragapult,多龙巴鲁托,https://pokopiadex.com/images/pokemon/sprites/dragapult.png,https://pokopiadex.com/pokedex,pokopiadex_pokedex,official_pokemon_zh_names
pokemon,Dragonair,哈克龙,https://pokopiadex.com/images/pokemon/sprites/dragonair.png,https://pokopiadex.com/pokedex,pokopiadex_pokedex,official_pokemon_zh_names
pokemon,Dragonite,快龙,https://pokopiadex.com/images/pokemon/sprites/dragonite.png,https://pokopiadex.com/pokedex,pokopiadex_pokedex,official_pokemon_zh_names
pokemon,Drakloak,多龙奇,https://pokopiadex.com/images/pokemon/sprites/drakloak.png,https://pokopiadex.com/pokedex,pokopiadex_pokedex,official_pokemon_zh_names
pokemon,Dratini,迷你龙,https://pokopiadex.com/images/pokemon/sprites/dratini.png,https://pokopiadex.com/pokedex,pokopiadex_pokedex,official_pokemon_zh_names
pokemon,Dreepy,多龙梅西亚,https://pokopiadex.com/images/pokemon/sprites/dreepy.png,https://pokopiadex.com/pokedex,pokopiadex_pokedex,official_pokemon_zh_names
pokemon,Drifblim,随风球,https://pokopiadex.com/images/pokemon/sprites/drifblim.png,https://pokopiadex.com/pokedex,pokopiadex_pokedex,official_pokemon_zh_names
pokemon,Drifloon,飘飘球,https://pokopiadex.com/images/pokemon/sprites/drifloon.png,https://pokopiadex.com/pokedex,pokopiadex_pokedex,official_pokemon_zh_names
pokemon,Drilbur,螺钉地鼠,https://pokopiadex.com/images/pokemon/sprites/drilbur.png,https://pokopiadex.com/pokedex,pokopiadex_pokedex,official_pokemon_zh_names
pokemon,Dugtrio,三地鼠,https://pokopiadex.com/images/pokemon/sprites/dugtrio.png,https://pokopiadex.com/pokedex,pokopiadex_pokedex,official_pokemon_zh_names
pokemon,Dusclops,彷徨夜灵,https://pokopiadex.com/images/pokemon/sprites/dusclops.png,https://pokopiadex.com/pokedex,pokopiadex_pokedex,official_pokemon_zh_names
pokemon,Dusknoir,黑夜魔灵,https://pokopiadex.com/images/pokemon/sprites/dusknoir.png,https://pokopiadex.com/pokedex,pokopiadex_pokedex,official_pokemon_zh_names
pokemon,Duskull,夜巡灵,https://pokopiadex.com/images/pokemon/sprites/duskull.png,https://pokopiadex.com/pokedex,pokopiadex_pokedex,official_pokemon_zh_names
pokemon,Eevee,伊布,https://pokopiadex.com/images/pokemon/sprites/eevee.png,https://pokopiadex.com/pokedex,pokopiadex_pokedex,official_pokemon_zh_names
pokemon,Ekans,阿柏蛇,https://pokopiadex.com/images/pokemon/sprites/ekans.png,https://pokopiadex.com/pokedex,pokopiadex_pokedex,official_pokemon_zh_names
pokemon,Electabuzz,电击兽,https://pokopiadex.com/images/pokemon/sprites/electabuzz.png,https://pokopiadex.com/pokedex,pokopiadex_pokedex,official_pokemon_zh_names
pokemon,Electivire,电击魔兽,https://pokopiadex.com/images/pokemon/sprites/electivire.png,https://pokopiadex.com/pokedex,pokopiadex_pokedex,official_pokemon_zh_names
pokemon,Electrode,顽皮雷弹,https://pokopiadex.com/images/pokemon/sprites/electrode.png,https://pokopiadex.com/pokedex,pokopiadex_pokedex,official_pokemon_zh_names
pokemon,Elekid,电击怪,https://pokopiadex.com/images/pokemon/sprites/elekid.png,https://pokopiadex.com/pokedex,pokopiadex_pokedex,official_pokemon_zh_names
pokemon,Empoleon,帝王拿波,https://pokopiadex.com/images/pokemon/sprites/empoleon.png,https://pokopiadex.com/pokedex,pokopiadex_pokedex,official_pokemon_zh_names
pokemon,Entei,炎帝,https://pokopiadex.com/images/pokemon/sprites/entei.png,https://pokopiadex.com/pokedex,pokopiadex_pokedex,official_pokemon_zh_names
pokemon,Espeon,太阳伊布,https://pokopiadex.com/images/pokemon/sprites/espeon.png,https://pokopiadex.com/pokedex,pokopiadex_pokedex,official_pokemon_zh_names
pokemon,Excadrill,龙头地鼠,https://pokopiadex.com/images/pokemon/sprites/excadrill.png,https://pokopiadex.com/pokedex,pokopiadex_pokedex,official_pokemon_zh_names
pokemon,Exeggcute,蛋蛋,https://pokopiadex.com/images/pokemon/sprites/exeggcute.png,https://pokopiadex.com/pokedex,pokopiadex_pokedex,official_pokemon_zh_names
pokemon,Exeggutor,椰蛋树,https://pokopiadex.com/images/pokemon/sprites/exeggutor.png,https://pokopiadex.com/pokedex,pokopiadex_pokedex,official_pokemon_zh_names
pokemon,Farfetch'd,大葱鸭,https://pokopiadex.com/images/pokemon/sprites/farfetchd.png,https://pokopiadex.com/pokedex,pokopiadex_pokedex,official_pokemon_zh_names
pokemon,Farigiraf,奇麒麟,https://pokopiadex.com/images/pokemon/sprites/farigiraf.png,https://pokopiadex.com/pokedex,pokopiadex_pokedex,official_pokemon_zh_names
pokemon,Fidough,狗仔包,https://pokopiadex.com/images/pokemon/sprites/fidough.png,https://pokopiadex.com/pokedex,pokopiadex_pokedex,official_pokemon_zh_names
pokemon,Flaaffy,茸茸羊,https://pokopiadex.com/images/pokemon/sprites/flaaffy.png,https://pokopiadex.com/pokedex,pokopiadex_pokedex,official_pokemon_zh_names
pokemon,Flareon,火伊布,https://pokopiadex.com/images/pokemon/sprites/flareon.png,https://pokopiadex.com/pokedex,pokopiadex_pokedex,official_pokemon_zh_names
pokemon,Floragato,蒂蕾喵,https://pokopiadex.com/images/pokemon/sprites/floragato.png,https://pokopiadex.com/pokedex,pokopiadex_pokedex,official_pokemon_zh_names
pokemon,Flygon,沙漠蜻蜓,https://pokopiadex.com/images/pokemon/sprites/flygon.png,https://pokopiadex.com/pokedex,pokopiadex_pokedex,official_pokemon_zh_names
pokemon,Fraxure,斧牙龙,https://pokopiadex.com/images/pokemon/sprites/fraxure.png,https://pokopiadex.com/pokedex,pokopiadex_pokedex,official_pokemon_zh_names
pokemon,Froakie,呱呱泡蛙,https://pokopiadex.com/images/pokemon/sprites/froakie.png,https://pokopiadex.com/pokedex,pokopiadex_pokedex,official_pokemon_zh_names
pokemon,Frogadier,呱头蛙,https://pokopiadex.com/images/pokemon/sprites/frogadier.png,https://pokopiadex.com/pokedex,pokopiadex_pokedex,official_pokemon_zh_names
pokemon,Gallade,艾路雷朵,https://pokopiadex.com/images/pokemon/sprites/gallade.png,https://pokopiadex.com/pokedex,pokopiadex_pokedex,official_pokemon_zh_names
pokemon,Garbodor,灰尘山,https://pokopiadex.com/images/pokemon/sprites/garbodor.png,https://pokopiadex.com/pokedex,pokopiadex_pokedex,official_pokemon_zh_names
pokemon,Gardevoir,沙奈朵,https://pokopiadex.com/images/pokemon/sprites/gardevoir.png,https://pokopiadex.com/pokedex,pokopiadex_pokedex,official_pokemon_zh_names
pokemon,Gastly,鬼斯,https://pokopiadex.com/images/pokemon/sprites/gastly.png,https://pokopiadex.com/pokedex,pokopiadex_pokedex,official_pokemon_zh_names
pokemon,Gastrodon (East Sea),海兔兽（东海）,https://pokopiadex.com/images/pokemon/sprites/gastrodon-east-sea.png,https://pokopiadex.com/pokedex,pokopiadex_pokedex,official_pokemon_zh_names_or_pokopia_special_forms
pokemon,Gastrodon (West Sea),海兔兽（西海）,https://pokopiadex.com/images/pokemon/sprites/gastrodon-west-sea.png,https://pokopiadex.com/pokedex,pokopiadex_pokedex,official_pokemon_zh_names_or_pokopia_special_forms
pokemon,Gengar,耿鬼,https://pokopiadex.com/images/pokemon/sprites/gengar.png,https://pokopiadex.com/pokedex,pokopiadex_pokedex,official_pokemon_zh_names
pokemon,Geodude,小拳石,https://pokopiadex.com/images/pokemon/sprites/geodude.png,https://pokopiadex.com/pokedex,pokopiadex_pokedex,official_pokemon_zh_names
pokemon,Gholdengo,赛富豪,https://pokopiadex.com/images/pokemon/sprites/gholdengo.png,https://pokopiadex.com/pokedex,pokopiadex_pokedex,official_pokemon_zh_names
pokemon,Gimmighoul,索财灵,https://pokopiadex.com/images/pokemon/sprites/gimmighoul.png,https://pokopiadex.com/pokedex,pokopiadex_pokedex,official_pokemon_zh_names
pokemon,Girafarig,麒麟奇,https://pokopiadex.com/images/pokemon/sprites/girafarig.png,https://pokopiadex.com/pokedex,pokopiadex_pokedex,official_pokemon_zh_names
pokemon,Glaceon,冰伊布,https://pokopiadex.com/images/pokemon/sprites/glaceon.png,https://pokopiadex.com/pokedex,pokopiadex_pokedex,official_pokemon_zh_names
pokemon,Glimmet,晶光芽,https://pokopiadex.com/images/pokemon/sprites/glimmet.png,https://pokopiadex.com/pokedex,pokopiadex_pokedex,official_pokemon_zh_names
pokemon,Glimmora,晶光花,https://pokopiadex.com/images/pokemon/sprites/glimmora.png,https://pokopiadex.com/pokedex,pokopiadex_pokedex,official_pokemon_zh_names
pokemon,Gloom,臭臭花,https://pokopiadex.com/images/pokemon/sprites/gloom.png,https://pokopiadex.com/pokedex,pokopiadex_pokedex,official_pokemon_zh_names
pokemon,Golbat,大嘴蝠,https://pokopiadex.com/images/pokemon/sprites/golbat.png,https://pokopiadex.com/pokedex,pokopiadex_pokedex,official_pokemon_zh_names
pokemon,Golduck,哥达鸭,https://pokopiadex.com/images/pokemon/sprites/golduck.png,https://pokopiadex.com/pokedex,pokopiadex_pokedex,official_pokemon_zh_names
pokemon,Golem,隆隆岩,https://pokopiadex.com/images/pokemon/sprites/golem.png,https://pokopiadex.com/pokedex,pokopiadex_pokedex,official_pokemon_zh_names
pokemon,Goodra,黏美龙,https://pokopiadex.com/images/pokemon/sprites/goodra.png,https://pokopiadex.com/pokedex,pokopiadex_pokedex,official_pokemon_zh_names
pokemon,Goomy,黏黏宝,https://pokopiadex.com/images/pokemon/sprites/goomy.png,https://pokopiadex.com/pokedex,pokopiadex_pokedex,official_pokemon_zh_names
pokemon,Graveler,隆隆石,https://pokopiadex.com/images/pokemon/sprites/graveler.png,https://pokopiadex.com/pokedex,pokopiadex_pokedex,official_pokemon_zh_names
pokemon,Greedent,藏饱栗鼠,https://pokopiadex.com/images/pokemon/sprites/greedent.png,https://pokopiadex.com/pokedex,pokopiadex_pokedex,official_pokemon_zh_names
pokemon,Greninja,甲贺忍蛙,https://pokopiadex.com/images/pokemon/sprites/greninja.png,https://pokopiadex.com/pokedex,pokopiadex_pokedex,official_pokemon_zh_names
pokemon,Grimer,臭泥,https://pokopiadex.com/images/pokemon/sprites/grimer.png,https://pokopiadex.com/pokedex,pokopiadex_pokedex,official_pokemon_zh_names
pokemon,Growlithe,卡蒂狗,https://pokopiadex.com/images/pokemon/sprites/growlithe.png,https://pokopiadex.com/pokedex,pokopiadex_pokedex,official_pokemon_zh_names
pokemon,Grubbin,强颚鸡母虫,https://pokopiadex.com/images/pokemon/sprites/grubbin.png,https://pokopiadex.com/pokedex,pokopiadex_pokedex,official_pokemon_zh_names
pokemon,Gulpin,溶食兽,https://pokopiadex.com/images/pokemon/sprites/gulpin.png,https://pokopiadex.com/pokedex,pokopiadex_pokedex,official_pokemon_zh_names
pokemon,Gurdurr,铁骨土人,https://pokopiadex.com/images/pokemon/sprites/gurdurr.png,https://pokopiadex.com/pokedex,pokopiadex_pokedex,official_pokemon_zh_names
pokemon,Gyarados,暴鲤龙,https://pokopiadex.com/images/pokemon/sprites/gyarados.png,https://pokopiadex.com/pokedex,pokopiadex_pokedex,official_pokemon_zh_names
pokemon,Happiny,小福蛋,https://pokopiadex.com/images/pokemon/sprites/happiny.png,https://pokopiadex.com/pokedex,pokopiadex_pokedex,official_pokemon_zh_names
pokemon,Hariyama,铁掌力士,https://pokopiadex.com/images/pokemon/sprites/hariyama.png,https://pokopiadex.com/pokedex,pokopiadex_pokedex,official_pokemon_zh_names
pokemon,Haunter,鬼斯通,https://pokopiadex.com/images/pokemon/sprites/haunter.png,https://pokopiadex.com/pokedex,pokopiadex_pokedex,official_pokemon_zh_names
pokemon,Haxorus,双斧战龙,https://pokopiadex.com/images/pokemon/sprites/haxorus.png,https://pokopiadex.com/pokedex,pokopiadex_pokedex,official_pokemon_zh_names
pokemon,Heracross,赫拉克罗斯,https://pokopiadex.com/images/pokemon/sprites/heracross.png,https://pokopiadex.com/pokedex,pokopiadex_pokedex,official_pokemon_zh_names
pokemon,Hitmonchan,快拳郎,https://pokopiadex.com/images/pokemon/sprites/hitmonchan.png,https://pokopiadex.com/pokedex,pokopiadex_pokedex,official_pokemon_zh_names
pokemon,Hitmonlee,飞腿郎,https://pokopiadex.com/images/pokemon/sprites/hitmonlee.png,https://pokopiadex.com/pokedex,pokopiadex_pokedex,official_pokemon_zh_names
pokemon,Hitmontop,战舞郎,https://pokopiadex.com/images/pokemon/sprites/hitmontop.png,https://pokopiadex.com/pokedex,pokopiadex_pokedex,official_pokemon_zh_names
pokemon,Ho-Oh,凤王,https://pokopiadex.com/images/pokemon/sprites/ho-oh.png,https://pokopiadex.com/pokedex,pokopiadex_pokedex,official_pokemon_zh_names
pokemon,Honchkrow,乌鸦头头,https://pokopiadex.com/images/pokemon/sprites/honchkrow.png,https://pokopiadex.com/pokedex,pokopiadex_pokedex,official_pokemon_zh_names
pokemon,Hoothoot,咕咕,https://pokopiadex.com/images/pokemon/sprites/hoothoot.png,https://pokopiadex.com/pokedex,pokopiadex_pokedex,official_pokemon_zh_names
pokemon,Igglybuff,宝宝丁,https://pokopiadex.com/images/pokemon/sprites/igglybuff.png,https://pokopiadex.com/pokedex,pokopiadex_pokedex,official_pokemon_zh_names
pokemon,Illumise,甜甜萤,https://pokopiadex.com/images/pokemon/sprites/illumise.png,https://pokopiadex.com/pokedex,pokopiadex_pokedex,official_pokemon_zh_names
pokemon,Ivysaur,妙蛙草,https://pokopiadex.com/images/pokemon/sprites/ivysaur.png,https://pokopiadex.com/pokedex,pokopiadex_pokedex,official_pokemon_zh_names
pokemon,Jigglypuff,胖丁,https://pokopiadex.com/images/pokemon/sprites/jigglypuff.png,https://pokopiadex.com/pokedex,pokopiadex_pokedex,official_pokemon_zh_names
pokemon,Jolteon,雷伊布,https://pokopiadex.com/images/pokemon/sprites/jolteon.png,https://pokopiadex.com/pokedex,pokopiadex_pokedex,official_pokemon_zh_names
pokemon,Kadabra,勇基拉,https://pokopiadex.com/images/pokemon/sprites/kadabra.png,https://pokopiadex.com/pokedex,pokopiadex_pokedex,official_pokemon_zh_names
pokemon,Kilowattrel,大电海燕,https://pokopiadex.com/images/pokemon/sprites/kilowattrel.png,https://pokopiadex.com/pokedex,pokopiadex_pokedex,official_pokemon_zh_names
pokemon,Kirlia,奇鲁莉安,https://pokopiadex.com/images/pokemon/sprites/kirlia.png,https://pokopiadex.com/pokedex,pokopiadex_pokedex,official_pokemon_zh_names
pokemon,Koffing,瓦斯弹,https://pokopiadex.com/images/pokemon/sprites/koffing.png,https://pokopiadex.com/pokedex,pokopiadex_pokedex,official_pokemon_zh_names
pokemon,Kricketot,圆法师,https://pokopiadex.com/images/pokemon/sprites/kricketot.png,https://pokopiadex.com/pokedex,pokopiadex_pokedex,official_pokemon_zh_names
pokemon,Kricketune,音箱蟀,https://pokopiadex.com/images/pokemon/sprites/kricketune.png,https://pokopiadex.com/pokedex,pokopiadex_pokedex,official_pokemon_zh_names
pokemon,Kyogre,盖欧卡,https://pokopiadex.com/images/pokemon/sprites/kyogre.png,https://pokopiadex.com/pokedex,pokopiadex_pokedex,official_pokemon_zh_names
pokemon,Lampent,灯火幽灵,https://pokopiadex.com/images/pokemon/sprites/lampent.png,https://pokopiadex.com/pokedex,pokopiadex_pokedex,official_pokemon_zh_names
pokemon,Lapras,拉普拉斯,https://pokopiadex.com/images/pokemon/sprites/lapras.png,https://pokopiadex.com/pokedex,pokopiadex_pokedex,official_pokemon_zh_names
pokemon,Larvesta,燃烧虫,https://pokopiadex.com/images/pokemon/sprites/larvesta.png,https://pokopiadex.com/pokedex,pokopiadex_pokedex,official_pokemon_zh_names
pokemon,Larvitar,幼基拉斯,https://pokopiadex.com/images/pokemon/sprites/larvitar.png,https://pokopiadex.com/pokedex,pokopiadex_pokedex,official_pokemon_zh_names
pokemon,Leafeon,叶伊布,https://pokopiadex.com/images/pokemon/sprites/leafeon.png,https://pokopiadex.com/pokedex,pokopiadex_pokedex,official_pokemon_zh_names
pokemon,Litwick,烛光灵,https://pokopiadex.com/images/pokemon/sprites/litwick.png,https://pokopiadex.com/pokedex,pokopiadex_pokedex,official_pokemon_zh_names
pokemon,Lombre,莲帽小童,https://pokopiadex.com/images/pokemon/sprites/lombre.png,https://pokopiadex.com/pokedex,pokopiadex_pokedex,official_pokemon_zh_names
pokemon,Lotad,莲叶童子,https://pokopiadex.com/images/pokemon/sprites/lotad.png,https://pokopiadex.com/pokedex,pokopiadex_pokedex,official_pokemon_zh_names
pokemon,Lucario,路卡利欧,https://pokopiadex.com/images/pokemon/sprites/lucario.png,https://pokopiadex.com/pokedex,pokopiadex_pokedex,official_pokemon_zh_names
pokemon,Ludicolo,乐天河童,https://pokopiadex.com/images/pokemon/sprites/ludicolo.png,https://pokopiadex.com/pokedex,pokopiadex_pokedex,official_pokemon_zh_names
pokemon,Lugia,洛奇亚,https://pokopiadex.com/images/pokemon/sprites/lugia.png,https://pokopiadex.com/pokedex,pokopiadex_pokedex,official_pokemon_zh_names
pokemon,Machamp,怪力,https://pokopiadex.com/images/pokemon/sprites/machamp.png,https://pokopiadex.com/pokedex,pokopiadex_pokedex,official_pokemon_zh_names
pokemon,Machoke,豪力,https://pokopiadex.com/images/pokemon/sprites/machoke.png,https://pokopiadex.com/pokedex,pokopiadex_pokedex,official_pokemon_zh_names
pokemon,Machop,腕力,https://pokopiadex.com/images/pokemon/sprites/machop.png,https://pokopiadex.com/pokedex,pokopiadex_pokedex,official_pokemon_zh_names
pokemon,Magby,鸭嘴宝宝,https://pokopiadex.com/images/pokemon/sprites/magby.png,https://pokopiadex.com/pokedex,pokopiadex_pokedex,official_pokemon_zh_names
pokemon,Magikarp,鲤鱼王,https://pokopiadex.com/images/pokemon/sprites/magikarp.png,https://pokopiadex.com/pokedex,pokopiadex_pokedex,official_pokemon_zh_names
pokemon,Magmar,鸭嘴火兽,https://pokopiadex.com/images/pokemon/sprites/magmar.png,https://pokopiadex.com/pokedex,pokopiadex_pokedex,official_pokemon_zh_names
pokemon,Magmortar,鸭嘴炎兽,https://pokopiadex.com/images/pokemon/sprites/magmortar.png,https://pokopiadex.com/pokedex,pokopiadex_pokedex,official_pokemon_zh_names
pokemon,Magnemite,小磁怪,https://pokopiadex.com/images/pokemon/sprites/magnemite.png,https://pokopiadex.com/pokedex,pokopiadex_pokedex,official_pokemon_zh_names
pokemon,Magneton,三合一磁怪,https://pokopiadex.com/images/pokemon/sprites/magneton.png,https://pokopiadex.com/pokedex,pokopiadex_pokedex,official_pokemon_zh_names
pokemon,Magnezone,自爆磁怪,https://pokopiadex.com/images/pokemon/sprites/magnezone.png,https://pokopiadex.com/pokedex,pokopiadex_pokedex,official_pokemon_zh_names
pokemon,Makuhita,幕下力士,https://pokopiadex.com/images/pokemon/sprites/makuhita.png,https://pokopiadex.com/pokedex,pokopiadex_pokedex,official_pokemon_zh_names
pokemon,Mareep,咩利羊,https://pokopiadex.com/images/pokemon/sprites/mareep.png,https://pokopiadex.com/pokedex,pokopiadex_pokedex,official_pokemon_zh_names
pokemon,Marill,玛力露,https://pokopiadex.com/images/pokemon/sprites/marill.png,https://pokopiadex.com/pokedex,pokopiadex_pokedex,official_pokemon_zh_names
pokemon,Marowak,嘎啦嘎啦,https://pokopiadex.com/images/pokemon/sprites/marowak.png,https://pokopiadex.com/pokedex,pokopiadex_pokedex,official_pokemon_zh_names
pokemon,Mawile,大嘴娃,https://pokopiadex.com/images/pokemon/sprites/mawile.png,https://pokopiadex.com/pokedex,pokopiadex_pokedex,official_pokemon_zh_names
pokemon,Meowscarada,魔幻假面喵,https://pokopiadex.com/images/pokemon/sprites/meowscarada.png,https://pokopiadex.com/pokedex,pokopiadex_pokedex,official_pokemon_zh_names
pokemon,Meowth,喵喵,https://pokopiadex.com/images/pokemon/sprites/meowth.png,https://pokopiadex.com/pokedex,pokopiadex_pokedex,official_pokemon_zh_names
pokemon,Metagross,巨金怪,https://pokopiadex.com/images/pokemon/sprites/metagross.png,https://pokopiadex.com/pokedex,pokopiadex_pokedex,official_pokemon_zh_names
pokemon,Metang,金属怪,https://pokopiadex.com/images/pokemon/sprites/metang.png,https://pokopiadex.com/pokedex,pokopiadex_pokedex,official_pokemon_zh_names
pokemon,Mew,梦幻,https://pokopiadex.com/images/pokemon/sprites/mew.png,https://pokopiadex.com/pokedex,pokopiadex_pokedex,official_pokemon_zh_names
pokemon,Mewtwo,超梦,https://pokopiadex.com/images/pokemon/sprites/mewtwo.png,https://pokopiadex.com/pokedex,pokopiadex_pokedex,official_pokemon_zh_names
pokemon,Mime Jr.,魔尼尼,https://pokopiadex.com/images/pokemon/sprites/mime-jr.png,https://pokopiadex.com/pokedex,pokopiadex_pokedex,official_pokemon_zh_names
pokemon,Mimikyu,谜拟丘,https://pokopiadex.com/images/pokemon/sprites/mimikyu.png,https://pokopiadex.com/pokedex,pokopiadex_pokedex,official_pokemon_zh_names
pokemon,Minccino,泡沫栗鼠,https://pokopiadex.com/images/pokemon/sprites/minccino.png,https://pokopiadex.com/pokedex,pokopiadex_pokedex,official_pokemon_zh_names
pokemon,Minun,负电拍拍,https://pokopiadex.com/images/pokemon/sprites/minun.png,https://pokopiadex.com/pokedex,pokopiadex_pokedex,official_pokemon_zh_names
pokemon,Misdreavus,梦妖,https://pokopiadex.com/images/pokemon/sprites/misdreavus.png,https://pokopiadex.com/pokedex,pokopiadex_pokedex,official_pokemon_zh_names
pokemon,Mismagius,梦妖魔,https://pokopiadex.com/images/pokemon/sprites/mismagius.png,https://pokopiadex.com/pokedex,pokopiadex_pokedex,official_pokemon_zh_names
pokemon,Moltres,火焰鸟,https://pokopiadex.com/images/pokemon/sprites/moltres.png,https://pokopiadex.com/pokedex,pokopiadex_pokedex,official_pokemon_zh_names
pokemon,Mosslax,卡比兽（萌苔）,https://img.rankedboost.com/wp-content/plugins/pokopia/assets/npcs/mosslax.png,https://rankedboost.com/pokopia/pokedex/,rankedboost_pokedex,official_pokopia_sc_pokemon
pokemon,Mr. Mime,魔墙人偶,https://pokopiadex.com/images/pokemon/sprites/mr-mime.png,https://pokopiadex.com/pokedex,pokopiadex_pokedex,official_pokemon_zh_names
pokemon,Muk,臭臭泥,https://pokopiadex.com/images/pokemon/sprites/muk.png,https://pokopiadex.com/pokedex,pokopiadex_pokedex,official_pokemon_zh_names
pokemon,Munchlax,小卡比兽,https://pokopiadex.com/images/pokemon/sprites/munchlax.png,https://pokopiadex.com/pokedex,pokopiadex_pokedex,official_pokemon_zh_names
pokemon,Murkrow,黑暗鸦,https://pokopiadex.com/images/pokemon/sprites/murkrow.png,https://pokopiadex.com/pokedex,pokopiadex_pokedex,official_pokemon_zh_names
pokemon,Ninetales,九尾,https://pokopiadex.com/images/pokemon/sprites/ninetales.png,https://pokopiadex.com/pokedex,pokopiadex_pokedex,official_pokemon_zh_names
pokemon,Noctowl,猫头夜鹰,https://pokopiadex.com/images/pokemon/sprites/noctowl.png,https://pokopiadex.com/pokedex,pokopiadex_pokedex,official_pokemon_zh_names
pokemon,Noibat,嗡蝠,https://pokopiadex.com/images/pokemon/sprites/noibat.png,https://pokopiadex.com/pokedex,pokopiadex_pokedex,official_pokemon_zh_names
pokemon,Noivern,音波龙,https://pokopiadex.com/images/pokemon/sprites/noivern.png,https://pokopiadex.com/pokedex,pokopiadex_pokedex,official_pokemon_zh_names
pokemon,Oddish,走路草,https://pokopiadex.com/images/pokemon/sprites/oddish.png,https://pokopiadex.com/pokedex,pokopiadex_pokedex,official_pokemon_zh_names
pokemon,Onix,大岩蛇,https://pokopiadex.com/images/pokemon/sprites/onix.png,https://pokopiadex.com/pokedex,pokopiadex_pokedex,official_pokemon_zh_names
pokemon,Paras,派拉斯,https://pokopiadex.com/images/pokemon/sprites/paras.png,https://pokopiadex.com/pokedex,pokopiadex_pokedex,official_pokemon_zh_names
pokemon,Parasect,派拉斯特,https://pokopiadex.com/images/pokemon/sprites/parasect.png,https://pokopiadex.com/pokedex,pokopiadex_pokedex,official_pokemon_zh_names
pokemon,Pawmi,布拨,https://pokopiadex.com/images/pokemon/sprites/pawmi.png,https://pokopiadex.com/pokedex,pokopiadex_pokedex,official_pokemon_zh_names
pokemon,Pawmo,布土拨,https://pokopiadex.com/images/pokemon/sprites/pawmo.png,https://pokopiadex.com/pokedex,pokopiadex_pokedex,official_pokemon_zh_names
pokemon,Pawmot,巴布土拨,https://pokopiadex.com/images/pokemon/sprites/pawmot.png,https://pokopiadex.com/pokedex,pokopiadex_pokedex,official_pokemon_zh_names
pokemon,Peakychu,皮卡丘（浅色）,https://img.rankedboost.com/wp-content/plugins/pokopia/assets/npcs/peakychu.png,https://rankedboost.com/pokopia/pokedex/,rankedboost_pokedex,official_pokopia_sc_pokemon
pokemon,Pelipper,大嘴鸥,https://pokopiadex.com/images/pokemon/sprites/pelipper.png,https://pokopiadex.com/pokedex,pokopiadex_pokedex,official_pokemon_zh_names
pokemon,Persian,猫老大,https://pokopiadex.com/images/pokemon/sprites/persian.png,https://pokopiadex.com/pokedex,pokopiadex_pokedex,official_pokemon_zh_names
pokemon,Pichu,皮丘,https://pokopiadex.com/images/pokemon/sprites/pichu.png,https://pokopiadex.com/pokedex,pokopiadex_pokedex,official_pokemon_zh_names
pokemon,Pidgeot,大比鸟,https://pokopiadex.com/images/pokemon/sprites/pidgeot.png,https://pokopiadex.com/pokedex,pokopiadex_pokedex,official_pokemon_zh_names
pokemon,Pidgeotto,比比鸟,https://pokopiadex.com/images/pokemon/sprites/pidgeotto.png,https://pokopiadex.com/pokedex,pokopiadex_pokedex,official_pokemon_zh_names
pokemon,Pidgey,波波,https://pokopiadex.com/images/pokemon/sprites/pidgey.png,https://pokopiadex.com/pokedex,pokopiadex_pokedex,official_pokemon_zh_names
pokemon,Pikachu,皮卡丘,https://pokopiadex.com/images/pokemon/sprites/pikachu.png,https://pokopiadex.com/pokedex,pokopiadex_pokedex,official_pokemon_zh_names
pokemon,Pinsir,凯罗斯,https://pokopiadex.com/images/pokemon/sprites/pinsir.png,https://pokopiadex.com/pokedex,pokopiadex_pokedex,official_pokemon_zh_names
pokemon,Piplup,波加曼,https://pokopiadex.com/images/pokemon/sprites/piplup.png,https://pokopiadex.com/pokedex,pokopiadex_pokedex,official_pokemon_zh_names
pokemon,Plusle,正电拍拍,https://pokopiadex.com/images/pokemon/sprites/plusle.png,https://pokopiadex.com/pokedex,pokopiadex_pokedex,official_pokemon_zh_names
pokemon,Politoed,蚊香蛙皇,https://pokopiadex.com/images/pokemon/sprites/politoed.png,https://pokopiadex.com/pokedex,pokopiadex_pokedex,official_pokemon_zh_names
pokemon,Poliwag,蚊香蝌蚪,https://pokopiadex.com/images/pokemon/sprites/poliwag.png,https://pokopiadex.com/pokedex,pokopiadex_pokedex,official_pokemon_zh_names
pokemon,Poliwhirl,蚊香君,https://pokopiadex.com/images/pokemon/sprites/poliwhirl.png,https://pokopiadex.com/pokedex,pokopiadex_pokedex,official_pokemon_zh_names
pokemon,Poliwrath,蚊香泳士,https://pokopiadex.com/images/pokemon/sprites/poliwrath.png,https://pokopiadex.com/pokedex,pokopiadex_pokedex,official_pokemon_zh_names
pokemon,Porygon,多边兽,https://pokopiadex.com/images/pokemon/sprites/porygon.png,https://pokopiadex.com/pokedex,pokopiadex_pokedex,official_pokemon_zh_names
pokemon,Porygon-Z,多边兽Ｚ,https://pokopiadex.com/images/pokemon/sprites/porygon-z.png,https://pokopiadex.com/pokedex,pokopiadex_pokedex,official_pokemon_zh_names
pokemon,Porygon2,多边兽Ⅱ,https://pokopiadex.com/images/pokemon/sprites/porygon2.png,https://pokopiadex.com/pokedex,pokopiadex_pokedex,official_pokemon_zh_names
pokemon,Prinplup,波皇子,https://pokopiadex.com/images/pokemon/sprites/prinplup.png,https://pokopiadex.com/pokedex,pokopiadex_pokedex,official_pokemon_zh_names
pokemon,Prof. Tangrowth,巨蔓藤（博士）,https://img.rankedboost.com/wp-content/plugins/pokopia/assets/npcs/professor-tangrowth.png,https://rankedboost.com/pokopia/pokedex/,rankedboost_pokedex,official_pokopia_sc_pokemon
pokemon,Psyduck,可达鸭,https://pokopiadex.com/images/pokemon/sprites/psyduck.png,https://pokopiadex.com/pokedex,pokopiadex_pokedex,official_pokemon_zh_names
pokemon,Pupitar,沙基拉斯,https://pokopiadex.com/images/pokemon/sprites/pupitar.png,https://pokopiadex.com/pokedex,pokopiadex_pokedex,official_pokemon_zh_names
pokemon,Quilava,火岩鼠,https://pokopiadex.com/images/pokemon/sprites/quilava.png,https://pokopiadex.com/pokedex,pokopiadex_pokedex,official_pokemon_zh_names
pokemon,Raboot,腾蹴小将,https://pokopiadex.com/images/pokemon/sprites/raboot.png,https://pokopiadex.com/pokedex,pokopiadex_pokedex,official_pokemon_zh_names
pokemon,Raichu,雷丘,https://pokopiadex.com/images/pokemon/sprites/raichu.png,https://pokopiadex.com/pokedex,pokopiadex_pokedex,official_pokemon_zh_names
pokemon,Raikou,雷公,https://pokopiadex.com/images/pokemon/sprites/raikou.png,https://pokopiadex.com/pokedex,pokopiadex_pokedex,official_pokemon_zh_names
pokemon,Ralts,拉鲁拉丝,https://pokopiadex.com/images/pokemon/sprites/ralts.png,https://pokopiadex.com/pokedex,pokopiadex_pokedex,official_pokemon_zh_names
pokemon,Rampardos,战槌龙,https://pokopiadex.com/images/pokemon/sprites/rampardos.png,https://pokopiadex.com/pokedex,pokopiadex_pokedex,official_pokemon_zh_names
pokemon,Riolu,利欧路,https://pokopiadex.com/images/pokemon/sprites/riolu.png,https://pokopiadex.com/pokedex,pokopiadex_pokedex,official_pokemon_zh_names
pokemon,Rolycoly,小炭仔,https://pokopiadex.com/images/pokemon/sprites/rolycoly.png,https://pokopiadex.com/pokedex,pokopiadex_pokedex,official_pokemon_zh_names
pokemon,Rookidee,稚山雀,https://pokopiadex.com/images/pokemon/sprites/rookidee.png,https://pokopiadex.com/pokedex,pokopiadex_pokedex,official_pokemon_zh_names
pokemon,Rotom,洛托姆,https://pokopiadex.com/images/pokemon/sprites/rotom.png,https://pokopiadex.com/pokedex,pokopiadex_pokedex,official_pokemon_zh_names
pokemon,Rowlet,木木枭,https://pokopiadex.com/images/pokemon/sprites/rowlet.png,https://pokopiadex.com/pokedex,pokopiadex_pokedex,official_pokemon_zh_names
pokemon,Scizor,巨钳螳螂,https://pokopiadex.com/images/pokemon/sprites/scizor.png,https://pokopiadex.com/pokedex,pokopiadex_pokedex,official_pokemon_zh_names
pokemon,Scorbunny,炎兔儿,https://pokopiadex.com/images/pokemon/sprites/scorbunny.png,https://pokopiadex.com/pokedex,pokopiadex_pokedex,official_pokemon_zh_names
pokemon,Scyther,飞天螳螂,https://pokopiadex.com/images/pokemon/sprites/scyther.png,https://pokopiadex.com/pokedex,pokopiadex_pokedex,official_pokemon_zh_names
pokemon,Serperior,君主蛇,https://pokopiadex.com/images/pokemon/sprites/serperior.png,https://pokopiadex.com/pokedex,pokopiadex_pokedex,official_pokemon_zh_names
pokemon,Servine,青藤蛇,https://pokopiadex.com/images/pokemon/sprites/servine.png,https://pokopiadex.com/pokedex,pokopiadex_pokedex,official_pokemon_zh_names
pokemon,Shellos (East Sea),无壳海兔（东海）,https://pokopiadex.com/images/pokemon/sprites/shellos-east-sea.png,https://pokopiadex.com/pokedex,pokopiadex_pokedex,official_pokemon_zh_names_or_pokopia_special_forms
pokemon,Shellos (West Sea),无壳海兔（西海）,https://pokopiadex.com/images/pokemon/sprites/shellos-west-sea.png,https://pokopiadex.com/pokedex,pokopiadex_pokedex,official_pokemon_zh_names_or_pokopia_special_forms
pokemon,Shieldon,盾甲龙,https://pokopiadex.com/images/pokemon/sprites/shieldon.png,https://pokopiadex.com/pokedex,pokopiadex_pokedex,official_pokemon_zh_names
pokemon,Skwovet,贪心栗鼠,https://pokopiadex.com/images/pokemon/sprites/skwovet.png,https://pokopiadex.com/pokedex,pokopiadex_pokedex,official_pokemon_zh_names
pokemon,Sliggoo,黏美儿,https://pokopiadex.com/images/pokemon/sprites/sliggoo.png,https://pokopiadex.com/pokedex,pokopiadex_pokedex,official_pokemon_zh_names
pokemon,Slowbro,呆壳兽,https://pokopiadex.com/images/pokemon/sprites/slowbro.png,https://pokopiadex.com/pokedex,pokopiadex_pokedex,official_pokemon_zh_names
pokemon,Slowking,呆呆王,https://pokopiadex.com/images/pokemon/sprites/slowking.png,https://pokopiadex.com/pokedex,pokopiadex_pokedex,official_pokemon_zh_names
pokemon,Slowpoke,呆呆兽,https://pokopiadex.com/images/pokemon/sprites/slowpoke.png,https://pokopiadex.com/pokedex,pokopiadex_pokedex,official_pokemon_zh_names
pokemon,Smeargle,图图犬,https://pokopiadex.com/images/pokemon/sprites/smeargle.png,https://pokopiadex.com/pokedex,pokopiadex_pokedex,official_pokemon_zh_names
pokemon,Smearguru,图图犬（彩绘匠）,https://img.rankedboost.com/wp-content/plugins/pokopia/assets/npcs/smearguru.png,https://rankedboost.com/pokopia/pokedex/,rankedboost_pokedex,official_pokopia_sc_pokemon
pokemon,Snivy,藤藤蛇,https://pokopiadex.com/images/pokemon/sprites/snivy.png,https://pokopiadex.com/pokedex,pokopiadex_pokedex,official_pokemon_zh_names
pokemon,Snorlax,卡比兽,https://pokopiadex.com/images/pokemon/sprites/snorlax.png,https://pokopiadex.com/pokedex,pokopiadex_pokedex,official_pokemon_zh_names
pokemon,Spinarak,圆丝蛛,https://pokopiadex.com/images/pokemon/sprites/spinarak.png,https://pokopiadex.com/pokedex,pokopiadex_pokedex,official_pokemon_zh_names
pokemon,Sprigatito,新叶喵,https://pokopiadex.com/images/pokemon/sprites/sprigatito.png,https://pokopiadex.com/pokedex,pokopiadex_pokedex,official_pokemon_zh_names
pokemon,Squirtle,杰尼龟,https://pokopiadex.com/images/pokemon/sprites/squirtle.png,https://pokopiadex.com/pokedex,pokopiadex_pokedex,official_pokemon_zh_names
pokemon,Steelix,大钢蛇,https://pokopiadex.com/images/pokemon/sprites/steelix.png,https://pokopiadex.com/pokedex,pokopiadex_pokedex,official_pokemon_zh_names
pokemon,Sudowoodo,树才怪,https://pokopiadex.com/images/pokemon/sprites/sudowoodo.png,https://pokopiadex.com/pokedex,pokopiadex_pokedex,official_pokemon_zh_names
pokemon,Suicune,水君,https://pokopiadex.com/images/pokemon/sprites/suicune.png,https://pokopiadex.com/pokedex,pokopiadex_pokedex,official_pokemon_zh_names
pokemon,Swablu,青绵鸟,https://pokopiadex.com/images/pokemon/sprites/swablu.png,https://pokopiadex.com/pokedex,pokopiadex_pokedex,official_pokemon_zh_names
pokemon,Swalot,吞食兽,https://pokopiadex.com/images/pokemon/sprites/swalot.png,https://pokopiadex.com/pokedex,pokopiadex_pokedex,official_pokemon_zh_names
pokemon,Sylveon,仙子伊布,https://pokopiadex.com/images/pokemon/sprites/sylveon.png,https://pokopiadex.com/pokedex,pokopiadex_pokedex,official_pokemon_zh_names
pokemon,Tangela,蔓藤怪,https://pokopiadex.com/images/pokemon/sprites/tangela.png,https://pokopiadex.com/pokedex,pokopiadex_pokedex,official_pokemon_zh_names
pokemon,Tangrowth,巨蔓藤,https://pokopiadex.com/images/pokemon/sprites/tangrowth.png,https://pokopiadex.com/pokedex,pokopiadex_pokedex,official_pokemon_zh_names
pokemon,Tatsugiri (Curly Form),米立龙（上弓姿势）,https://pokopiadex.com/images/pokemon/sprites/tatsugiri-curly-form.png,https://pokopiadex.com/pokedex,pokopiadex_pokedex,official_pokemon_zh_names_or_pokopia_special_forms
pokemon,Tatsugiri (Droopy Form),米立龙（下垂姿势）,https://pokopiadex.com/images/pokemon/sprites/tatsugiri-droopy-form.png,https://pokopiadex.com/pokedex,pokopiadex_pokedex,official_pokemon_zh_names_or_pokopia_special_forms
pokemon,Tatsugiri (Stretchy Form),米立龙（平挺姿势）,https://pokopiadex.com/images/pokemon/sprites/tatsugiri-stretchy-form.png,https://pokopiadex.com/pokedex,pokopiadex_pokedex,official_pokemon_zh_names_or_pokopia_special_forms
pokemon,Timburr,搬运小匠,https://pokopiadex.com/images/pokemon/sprites/timburr.png,https://pokopiadex.com/pokedex,pokopiadex_pokedex,official_pokemon_zh_names
pokemon,Tinkatink,小锻匠,https://pokopiadex.com/images/pokemon/sprites/tinkatink.png,https://pokopiadex.com/pokedex,pokopiadex_pokedex,official_pokemon_zh_names
pokemon,Tinkaton,巨锻匠,https://pokopiadex.com/images/pokemon/sprites/tinkaton.png,https://pokopiadex.com/pokedex,pokopiadex_pokedex,official_pokemon_zh_names
pokemon,Tinkatuff,巧锻匠,https://pokopiadex.com/images/pokemon/sprites/tinkatuff.png,https://pokopiadex.com/pokedex,pokopiadex_pokedex,official_pokemon_zh_names
pokemon,Torchic,火稚鸡,https://pokopiadex.com/images/pokemon/sprites/torchic.png,https://pokopiadex.com/pokedex,pokopiadex_pokedex,official_pokemon_zh_names
pokemon,Torkoal,煤炭龟,https://pokopiadex.com/images/pokemon/sprites/torkoal.png,https://pokopiadex.com/pokedex,pokopiadex_pokedex,official_pokemon_zh_names
pokemon,Toxel,毒电婴,https://pokopiadex.com/images/pokemon/sprites/toxel.png,https://pokopiadex.com/pokedex,pokopiadex_pokedex,official_pokemon_zh_names
pokemon,Toxtricity (Amped Form),颤弦蝾螈（高调的样子）,https://pokopiadex.com/images/pokemon/sprites/toxtricity-amped-form.png,https://pokopiadex.com/pokedex,pokopiadex_pokedex,official_pokemon_zh_names_or_pokopia_special_forms
pokemon,Toxtricity (Low Key Form),颤弦蝾螈（低调的样子）,https://pokopiadex.com/images/pokemon/sprites/toxtricity-low-key-form.png,https://pokopiadex.com/pokedex,pokopiadex_pokedex,official_pokemon_zh_names_or_pokopia_special_forms
pokemon,Trapinch,大颚蚁,https://pokopiadex.com/images/pokemon/sprites/trapinch.png,https://pokopiadex.com/pokedex,pokopiadex_pokedex,official_pokemon_zh_names
pokemon,Trubbish,破破袋,https://pokopiadex.com/images/pokemon/sprites/trubbish.png,https://pokopiadex.com/pokedex,pokopiadex_pokedex,official_pokemon_zh_names
pokemon,Typhlosion,火暴兽,https://pokopiadex.com/images/pokemon/sprites/typhlosion.png,https://pokopiadex.com/pokedex,pokopiadex_pokedex,official_pokemon_zh_names
pokemon,Tyranitar,班基拉斯,https://pokopiadex.com/images/pokemon/sprites/tyranitar.png,https://pokopiadex.com/pokedex,pokopiadex_pokedex,official_pokemon_zh_names
pokemon,Tyrantrum,怪颚龙,https://pokopiadex.com/images/pokemon/sprites/tyrantrum.png,https://pokopiadex.com/pokedex,pokopiadex_pokedex,official_pokemon_zh_names
pokemon,Tyrogue,无畏小子,https://pokopiadex.com/images/pokemon/sprites/tyrogue.png,https://pokopiadex.com/pokedex,pokopiadex_pokedex,official_pokemon_zh_names
pokemon,Tyrunt,宝宝暴龙,https://pokopiadex.com/images/pokemon/sprites/tyrunt.png,https://pokopiadex.com/pokedex,pokopiadex_pokedex,official_pokemon_zh_names
pokemon,Umbreon,月亮伊布,https://pokopiadex.com/images/pokemon/sprites/umbreon.png,https://pokopiadex.com/pokedex,pokopiadex_pokedex,official_pokemon_zh_names
pokemon,Vaporeon,水伊布,https://pokopiadex.com/images/pokemon/sprites/vaporeon.png,https://pokopiadex.com/pokedex,pokopiadex_pokedex,official_pokemon_zh_names
pokemon,Venomoth,摩鲁蛾,https://pokopiadex.com/images/pokemon/sprites/venomoth.png,https://pokopiadex.com/pokedex,pokopiadex_pokedex,official_pokemon_zh_names
pokemon,Venonat,毛球,https://pokopiadex.com/images/pokemon/sprites/venonat.png,https://pokopiadex.com/pokedex,pokopiadex_pokedex,official_pokemon_zh_names
pokemon,Venusaur,妙蛙花,https://pokopiadex.com/images/pokemon/sprites/venusaur.png,https://pokopiadex.com/pokedex,pokopiadex_pokedex,official_pokemon_zh_names
pokemon,Vespiquen,蜂女王,https://pokopiadex.com/images/pokemon/sprites/vespiquen.png,https://pokopiadex.com/pokedex,pokopiadex_pokedex,official_pokemon_zh_names
pokemon,Vibrava,超音波幼虫,https://pokopiadex.com/images/pokemon/sprites/vibrava.png,https://pokopiadex.com/pokedex,pokopiadex_pokedex,official_pokemon_zh_names
pokemon,Victreebel,大食花,https://pokopiadex.com/images/pokemon/sprites/victreebel.png,https://pokopiadex.com/pokedex,pokopiadex_pokedex,official_pokemon_zh_names
pokemon,Vikavolt,锹农炮虫,https://pokopiadex.com/images/pokemon/sprites/vikavolt.png,https://pokopiadex.com/pokedex,pokopiadex_pokedex,official_pokemon_zh_names
pokemon,Vileplume,霸王花,https://pokopiadex.com/images/pokemon/sprites/vileplume.png,https://pokopiadex.com/pokedex,pokopiadex_pokedex,official_pokemon_zh_names
pokemon,Volbeat,电萤虫,https://pokopiadex.com/images/pokemon/sprites/volbeat.png,https://pokopiadex.com/pokedex,pokopiadex_pokedex,official_pokemon_zh_names
pokemon,Volcanion,波尔凯尼恩,https://pokopiadex.com/images/pokemon/sprites/volcanion.png,https://pokopiadex.com/pokedex,pokopiadex_pokedex,official_pokemon_zh_names
pokemon,Volcarona,火神蛾,https://pokopiadex.com/images/pokemon/sprites/volcarona.png,https://pokopiadex.com/pokedex,pokopiadex_pokedex,official_pokemon_zh_names
pokemon,Voltorb,霹雳电球,https://pokopiadex.com/images/pokemon/sprites/voltorb.png,https://pokopiadex.com/pokedex,pokopiadex_pokedex,official_pokemon_zh_names
pokemon,Vulpix,六尾,https://pokopiadex.com/images/pokemon/sprites/vulpix.png,https://pokopiadex.com/pokedex,pokopiadex_pokedex,official_pokemon_zh_names
pokemon,Wartortle,卡咪龟,https://pokopiadex.com/images/pokemon/sprites/wartortle.png,https://pokopiadex.com/pokedex,pokopiadex_pokedex,official_pokemon_zh_names
pokemon,Wattrel,电海燕,https://pokopiadex.com/images/pokemon/sprites/wattrel.png,https://pokopiadex.com/pokedex,pokopiadex_pokedex,official_pokemon_zh_names
pokemon,Weepinbell,口呆花,https://pokopiadex.com/images/pokemon/sprites/weepinbell.png,https://pokopiadex.com/pokedex,pokopiadex_pokedex,official_pokemon_zh_names
pokemon,Weezing,双弹瓦斯,https://pokopiadex.com/images/pokemon/sprites/weezing.png,https://pokopiadex.com/pokedex,pokopiadex_pokedex,official_pokemon_zh_names
pokemon,Wigglytuff,胖可丁,https://pokopiadex.com/images/pokemon/sprites/wigglytuff.png,https://pokopiadex.com/pokedex,pokopiadex_pokedex,official_pokemon_zh_names
pokemon,Wingull,长翅鸥,https://pokopiadex.com/images/pokemon/sprites/wingull.png,https://pokopiadex.com/pokedex,pokopiadex_pokedex,official_pokemon_zh_names
pokemon,Wooper,乌波,https://pokopiadex.com/images/pokemon/sprites/wooper.png,https://pokopiadex.com/pokedex,pokopiadex_pokedex,official_pokemon_zh_names
pokemon,Zapdos,闪电鸟,https://pokopiadex.com/images/pokemon/sprites/zapdos.png,https://pokopiadex.com/pokedex,pokopiadex_pokedex,official_pokemon_zh_names
pokemon,Zoroark,索罗亚克,https://pokopiadex.com/images/pokemon/sprites/zoroark.png,https://pokopiadex.com/pokedex,pokopiadex_pokedex,official_pokemon_zh_names
pokemon,Zorua,索罗亚,https://pokopiadex.com/images/pokemon/sprites/zorua.png,https://pokopiadex.com/pokedex,pokopiadex_pokedex,official_pokemon_zh_names
pokemon,Zubat,超音蝠,https://pokopiadex.com/images/pokemon/sprites/zubat.png,https://pokopiadex.com/pokedex,pokopiadex_pokedex,official_pokemon_zh_names
